<?xml version="1.0" encoding="ISO-8859-1"?>
<metadata>
	<idinfo>
		<citation>
			<citeinfo>
				<origin>Environmental Systems Research Institute Inc.</origin>
				<pubdate>January 2001</pubdate>
				<pubtime>Unknown</pubtime>
				<title Sync="TRUE">CFCC</title>
				<geoform Sync="TRUE">tabular digital data</geoform>
				<ftname Sync="TRUE">CFCC</ftname><onlink>www.esri.com</onlink></citeinfo>
		</citation>
		<descript>
			<abstract>This Data is a simulated data set. It was created for instructional use with ESRI software training modules or for demonstration. This Data should not be used for any purpose other than for which it was intended.</abstract>
			<purpose>This Data is produced for users of ESRI software products and should be used for training, demonstration, and educational purposes only. This aggregated Data has been derived from actual statistical information. ESRI has manipulated and applied certain assumptions, analyses, and opinions to the Data solely for educational training purposes. Assumptions, analyses, opinions applied and actual outcomes may vary. ESRI is not inviting reliance on this Data, and the user should always verify actual Data and exercise their own professional judgment when interpreting any outcomes.</purpose>
			<supplinf>For further information about GIS and ESRI software, visit the ESRI Website at: www.esri.com. For more information about online training, visit the ESRI Virtual Campus at: campus.esri.com. For more information about instructor-led training visit: www.esri.com/training/.</supplinf>
			<langdata Sync="TRUE">en</langdata></descript>
		<timeperd>
			<timeinfo>
				<rngdates>
					<begdate>January 1, 1999</begdate>
					<begtime>8:00 AM</begtime>
					<enddate>January 1, 2001</enddate>
					<endtime>8:00 AM</endtime>
				</rngdates>
			</timeinfo>
			<current>publication date</current>
		</timeperd>
		<status>
			<progress>Complete</progress>
			<update>As needed</update>
		</status>
		<spdom>
			<bounding>
				<westbc>-117.243739</westbc>
				<eastbc>-117.051857</eastbc>
				<northbc>34.102993</northbc>
				<southbc>34.003678</southbc>
			</bounding>
		</spdom>
		<keywords>
			<theme>
				<themekey>ArcGIS</themekey>
				<themekey>ArcCatalog</themekey>
				<themekey>ArcMap</themekey>
				<themekey>metadata</themekey>
				<themekt>REQUIRED: Reference to a formally registered thesaurus or a similar authoritative source of theme keywords.</themekt></theme>
		</keywords>
		<accconst>None.</accconst>
		<useconst>Use of this Data is restricted to training, demonstration, and educational purposes only. This Data cannot be sold or used for marketing without the express written consent of Environmental Systems Research Institute Inc.</useconst>
		<ptcontac>
			<cntinfo>
				<cntorgp>
					<cntorg>Environmental Systems Research Institute Inc.</cntorg>
					<cntper>ESRI</cntper>
				</cntorgp>
				<cntpos>Education material</cntpos>
				<cntaddr>
					<addrtype>mailing address</addrtype>
					<address>380 New York Street</address>
					<city>Redlands</city>
					<state>California</state>
					<postal>92373-8100</postal>
					<country>USA</country>
				</cntaddr>
				<cntvoice>909-793-2853</cntvoice>
			</cntinfo>
		</ptcontac>
		<datacred>Environmental Systems Research Institute Inc.</datacred>
		<secinfo>
			<secclass>Unclassified</secclass>
		</secinfo>
		<native Sync="TRUE">Microsoft Windows 2000 Version 5.0 (Build 2195) Service Pack 4; ESRI ArcCatalog 9.1.0.722</native>
		<natvform Sync="TRUE">dBASE Table</natvform></idinfo>
	<dataqual>
		<attracc>
			<attraccr>The user of this data should not assume any viable accuracy for this data other than for demonstration purposes.</attraccr>
		</attracc>
		<logic>This data was tested with ESRI ArcGIS software, version 8.1.</logic>
		<lineage>
			<srcinfo>
				<srctime>
					<srccurr>publication date</srccurr>
				</srctime>
			</srcinfo>
		</lineage>
	</dataqual>
	<spdoinfo>
		<direct>Vector</direct>
		<ptvctinf>
			<sdtsterm>
				<sdtstype>Complete chain</sdtstype>
				<ptvctcnt>3549</ptvctcnt>
			</sdtsterm>
			<sdtsterm>
				<sdtstype>Label point</sdtstype>
				<ptvctcnt>881</ptvctcnt>
			</sdtsterm>
			<sdtsterm>
				<sdtstype>GT-polygon composed of chains</sdtstype>
				<ptvctcnt>881</ptvctcnt>
			</sdtsterm>
			<sdtsterm>
				<sdtstype>Point</sdtstype>
				<ptvctcnt>614</ptvctcnt>
			</sdtsterm>
			<sdtsterm>
				<sdtstype>Composite object</sdtstype>
				<ptvctcnt>3</ptvctcnt>
			</sdtsterm>
		</ptvctinf>
	</spdoinfo>
	<spref>
		<horizsys>
			<planar>
				<gridsys>
					<gridsysn>Universal Transverse Mercator</gridsysn>
					<utm>
						<utmzone>11</utmzone>
						<transmer>
							<sfctrmer>0.999600</sfctrmer>
							<longcm>-117.000000</longcm>
							<latprjo>0.000000</latprjo>
							<feast>500000.000000</feast>
							<fnorth>0.000000</fnorth>
						</transmer>
					</utm>
				</gridsys>
				<planci>
					<plance>coordinate pair</plance>
					<coordrep>
						<absres>0.000005</absres>
						<ordres>0.000005</ordres>
					</coordrep>
					<plandu>meters</plandu>
				</planci>
			</planar>
			<geodetic>
				<horizdn>North American Datum of 1983</horizdn>
				<ellips>Geodetic Reference System 80</ellips>
				<semiaxis>6378137.000000</semiaxis>
				<denflat>298.257222</denflat>
			</geodetic>
		</horizsys>
	</spref>
	<distinfo>
		<distrib>
			<cntinfo>
				<cntorgp>
					<cntorg>Environmental Systems Research Institute Inc.</cntorg>
					<cntper>ESRI</cntper>
				</cntorgp>
				<cntpos>Education materials</cntpos>
				<cntaddr>
					<addrtype>mailing address</addrtype>
					<address>380 New York Street</address>
					<city>Redlands</city>
					<state>California</state>
					<postal>92373-8100</postal>
					<country>USA</country>
				</cntaddr>
				<cntvoice>909-793-2853</cntvoice>
			</cntinfo>
		</distrib>
		<resdesc>Digital data used for instruction and demonstration.</resdesc>
		<distliab>Unauthorized distribution of this data is not permitted.</distliab>
		<stdorder>
			<digform>
				<digtinfo>
					<transize>0.650</transize>
					<dssize Sync="TRUE">0.019</dssize></digtinfo>
			</digform>
		</stdorder>
		<custom>None.</custom>
		<techpreq>None.</techpreq>
		<availabl>
			<timeinfo>
				<sngdate>
					<caldate>unknown</caldate>
					<time>unknown</time>
				</sngdate>
			</timeinfo>
		</availabl>
	</distinfo>
	<metainfo>
		<metd Sync="TRUE">20050920</metd>
		<metc>
			<cntinfo>
				<cntorgp>
					<cntorg>Environmental Systems Research Institute Inc.</cntorg>
					<cntper>ESRI</cntper>
				</cntorgp>
				<cntpos>Education materials</cntpos>
				<cntaddr>
					<addrtype>mailing address</addrtype>
					<address>380 New York Street</address>
					<city>Redlands</city>
					<state>California</state>
					<postal>92373-8100</postal>
					<country>USA</country>
				</cntaddr>
				<cntvoice>909-793-2853</cntvoice>
			</cntinfo>
		</metc>
		<metstdn Sync="TRUE">FGDC Content Standards for Digital Geospatial Metadata</metstdn>
		<metstdv Sync="TRUE">FGDC-STD-001-1998</metstdv>
		<mettc Sync="TRUE">local time</mettc>
		<langmeta Sync="TRUE">en</langmeta><metextns><onlink Sync="TRUE">http://www.esri.com/metadata/esriprof80.html</onlink><metprof Sync="TRUE">ESRI Metadata Profile</metprof></metextns></metainfo>
	<Esri><CreaDate>20050609</CreaDate><CreaTime>08500400</CreaTime><SyncOnce>FALSE</SyncOnce><SyncDate>20050810</SyncDate><SyncTime>10594400</SyncTime><ModDate>20050920</ModDate><ModTime>12384600</ModTime><MetaID>{5C5BABFB-6684-4AF0-B96F-CCB70DFFF4B9}</MetaID></Esri><eainfo><detailed Name="CFCC"><enttyp><enttypl Sync="TRUE">CFCC</enttypl><enttypt Sync="TRUE">Table</enttypt><enttypc Sync="TRUE">186</enttypc></enttyp><attr><attrlabl Sync="TRUE">OID</attrlabl><attalias Sync="TRUE">OID</attalias><attrtype Sync="TRUE">OID</attrtype><attwidth Sync="TRUE">4</attwidth><atprecis Sync="TRUE">0</atprecis><attscale Sync="TRUE">0</attscale></attr><attr><attrlabl Sync="TRUE">CFCC</attrlabl><attalias Sync="TRUE">CFCC</attalias><attrtype Sync="TRUE">String</attrtype><attwidth Sync="TRUE">3</attwidth></attr><attr><attrlabl Sync="TRUE">CFCC_DESC</attrlabl><attalias Sync="TRUE">CFCC_DESC</attalias><attrtype Sync="TRUE">String</attrtype><attwidth Sync="TRUE">100</attwidth></attr></detailed></eainfo><distInfo><distributor><distorTran><onLineSrc/><transSize Sync="TRUE">0.019</transSize></distorTran><distorFormat><formatName Sync="TRUE">dBASE Table</formatName></distorFormat></distributor></distInfo><dataIdInfo><envirDesc Sync="TRUE">Microsoft Windows 2000 Version 5.0 (Build 2195) Service Pack 4; ESRI ArcCatalog 9.1.0.722</envirDesc><dataLang><languageCode Sync="TRUE" value="en"></languageCode></dataLang><idCitation><resTitle Sync="TRUE">CFCC</resTitle><presForm><PresFormCd Sync="TRUE" value="011"></PresFormCd></presForm></idCitation></dataIdInfo><mdLang><languageCode Sync="TRUE" value="en"></languageCode></mdLang><mdStanName Sync="TRUE">ISO 19115 Geographic Information - Metadata</mdStanName><mdStanVer Sync="TRUE">DIS_ESRI1.0</mdStanVer><mdChar><CharSetCd Sync="TRUE" value="005"></CharSetCd></mdChar><mdHrLv><ScopeCd Sync="TRUE" value="005"></ScopeCd></mdHrLv><mdHrLvName Sync="TRUE">dataset</mdHrLvName><mdDateSt Sync="TRUE">20050920</mdDateSt></metadata>
